BARCODE_ID,BARCODE,ID
index_8nt_2,aacgccaa,GA_BT_16
index_10nt_2,ccagaaccaa,GA_BS_20
index_8nt_3,cggtccaa,GA_CL_32
index_9nt_3,aggtaccaa,GA_CL_40
index_10nt_3,aggtaaccaa,GA_CW_46
index_8nt_4,ctcagcaa,GA_CW_54
index_9nt_4,tgaagccaa,GA_FI_2
index_8nt_5,agacgcaa,GA_EA_11
index_9nt_5,aaccgccaa,GA_FI_10
index_10nt_5,tcgcgaccaa,GA_WV_11
index_8nt_6,tctggcaa,GA_TP_17
index_9nt_6,gttggccaa,GA_TP_25
index_10nt_6,atcggaccaa,GA_BT_17
index_8nt_7,tagatcaa,GA_BS_21
index_9nt_7,ctgatccaa,GA_CL_33
index_10nt_7,cattgaccaa,GA_CW_9
index_8nt_8,gttctcaa,GA_CW_47
index_9nt_8,tctctccaa,GA_BT_11
index_10nt_8,ctgataccaa,GA_FI_3
index_9nt_9,aataagcaa,GA_EA_12
index_10nt_9,accaagccaa,GA_FI_11
index_8nt_10,cagcagaa,GA_WV_12
index_9nt_10,cgccagcaa,GA_TP_18
index_10nt_10,cgtcagccaa,GA_TP_26
index_8nt_11,tgagagaa,GA_BT_18
index_9nt_11,tcggagcaa,GA_BS_22
index_10nt_11,taggagccaa,GA_CL_34
index_8nt_12,gtctcgaa,GA_CW_10
index_9nt_12,gtatagcaa,GA_CW_48
index_10nt_12,gtatagccaa,GA_EA_5
index_8nt_13,ggtaggaa,GA_FI_4
index_9nt_13,ccaacgcaa,GA_EA_13
index_10nt_13,gatacgccaa,GA_MP_11
index_8nt_14,ccatggaa,GA_WV_13
index_9nt_14,gagccgcaa,GA_TP_19
index_10nt_16,tcttatccaa,GA_TP_27
index_8nt_15,ggccataa,GA_BT_19
index_9nt_15,atcgcgcaa,GA_BS_23
index_10nt_17,ttaactccaa,GA_CL_35
index_8nt_16,atggataa,GA_CW_11
index_9nt_16,tacttgcaa,GA_CW_49
index_10nt_18,gccgctccaa,GA_EA_6
index_8nt_17,catactaa,GA_FI_5
index_9nt_17,ccttatcaa,GA_EA_14
index_10nt_23,tgcgaagcaa,GA_MP_12
index_8nt_18,ttacctaa,GA_WV_14
index_9nt_18,ggtactcaa,GA_TP_20
index_10nt_24,taaccagcaa,GA_TP_28
index_8nt_19,gaaggtaa,GA_BT_20
index_9nt_19,ttacctcaa,GA_BS_24
index_10nt_25,cttgcagcaa,GA_CL_36
index_9nt_20,acgagtcaa,GA_CW_12
index_10nt_31,agaaccgcaa,GA_CW_50
index_8nt_21,gtcgacca,GA_EA_7
index_9nt_21,gcagttcaa,GA_FI_6
index_10nt_37,agcctggcaa,GA_EA_15
index_8nt_22,aattacca,GA_MP_13
index_10nt_38,ggtaatgcaa,GA_WV_15
index_8nt_23,ataatcca,GA_TP_21
index_9nt_23,tgagaagaa,GA_TP_29
index_10nt_41,ggtccatcaa,GA_BT_21
index_8nt_24,cgcctcca,GA_CL_19
index_9nt_24,aggccagaa,GA_CL_37
index_10nt_43,tccatatcaa,GA_CW_13
index_8nt_25,cgaacgca,GA_CW_51
index_9nt_25,catgcagaa,GA_EA_8
index_10nt_47,ttacgctcaa,GA_FI_7
index_8nt_26,acgccgca,GA_EA_16
index_9nt_26,gcatcagaa,GA_MP_14
index_8nt_27,gatgcgca,GA_WV_16
index_9nt_27,ataagagaa,GA_TP_22
index_10nt_56,gacgcaagaa,GA_TP_30
index_8nt_28,gtacggca,GA_BS_18
index_9nt_28,cgctgagaa,GA_CL_30
index_10nt_57,ccgtcaagaa,GA_CL_38
index_8nt_29,cttcatca,GA_CW_44
index_9nt_29,tccatagaa,GA_CW_52
index_10nt_58,tcaagaagaa,GA_EA_9
index_8nt_30,gcatatca,GA_FI_8
index_9nt_30,tagaacgaa,GA_EA_17
index_10nt_59,ctccgaagaa,GA_BT_12
index_8nt_31,tccgctca,GA_WV_17
index_9nt_31,actgacgaa,GA_TP_23
index_10nt_60,ggttgaagaa,GA_TP_31
index_8nt_32,agcagtca,GA_BS_19
index_9nt_32,ggcgccgaa,GA_CL_31
index_10nt_62,ttggtaagaa,GA_CL_39
index_8nt_33,gagcttca,GA_CW_45
index_9nt_33,ccgcgcgaa,GA_CW_53
index_10nt_63,tggaccagaa,GA_EA_10
index_8nt_34,gcgcaaga,GA_FI_9
index_9nt_34,ttattcgaa,GA_FI_1
index_10nt_104,tcctcttgaa,GA_NE_10
index_9nt_35,ggaatggaa,GA_WV_18
index_10nt_114,tctcgcataa,GA_TP_24
index_8nt_36,agctaaga,GA_BT_13
index_9nt_36,attctggaa,GA_WV_19
index_10nt_130,aagttgctaa,GA_CM_9
index_8nt_37,aatccaga,GA_BD_9
index_9nt_37,agcaatgaa,GA_CM_11
index_10nt_138,atagtcgtaa,GA_CE_1
index_8nt_38,cctagaga,GA_PT_2
index_9nt_38,ctggatgaa,GA_FI_27
index_10nt_143,tgcaacttaa,GA_IC_15
index_8nt_39,ggaataga,GA_TP_6
index_9nt_39,caacttgaa,GA_CS_19
index_10nt_148,aagccaacca,GA_IS_9
index_8nt_40,ttcgtaga,GA_BT_7
index_9nt_40,cttcaataa,GA_WV_20
index_8nt_41,cttgccga,GA_UN_21
index_9nt_41,aaggaataa,GA_CM_14
index_10nt_150,cgctcaacca,GA_BT_10
index_8nt_42,gaccgcga,GA_CM_12
index_9nt_42,ttctcataa,GA_PT_6
index_10nt_151,ataagaacca,GA_SG_11
index_8nt_43,acgttcga,GA_PP_21
index_9nt_43,gatagataa,GA_UN_14
index_10nt_152,cctcgaacca,GA_FI_24
index_8nt_44,tataagga,GA_UN_3
index_9nt_44,ccaggataa,GA_IC_2
index_10nt_153,gtcctaacca,GA_MM_29
index_8nt_45,ctgatgga,GA_CE_2
index_9nt_45,gcgctataa,GA_CW_16
index_10nt_155,ctgcagacca,GA_PT_8
index_8nt_46,tggactga,GA_CE_12
index_9nt_46,agattataa,GA_CM_6
index_10nt_162,cttattacca,GA_SM_15
index_8nt_47,actgaata,GA_JT_1
index_9nt_47,gtaacctaa,GA_EM_2
index_10nt_164,accgttacca,GA_CL_24
index_8nt_48,tagtaata,GA_TP_16
index_9nt_48,cagtcctaa,GA_BD_3
index_10nt_165,cagagagcca,GA_MM_30
index_8nt_49,gtagcata,GA_HU_19
index_9nt_49,acctagtaa,GA_HU_21
index_10nt_167,cattacgcca,GA_HU_15
index_8nt_50,atccgata,GA_UN_22
index_9nt_50,tggacgtaa,GA_CW_15
index_10nt_173,ctatcggcca,GA_CM_8
index_8nt_51,gccttata,GA_CE_8
index_9nt_51,gctgcgtaa,GA_SG_13
index_10nt_176,tgagctgcca,GA_CC_14
index_8nt_52,tgctgcta,GA_PP_22
index_9nt_52,ctcaggtaa,GA_PI_16
index_10nt_185,acctcgtcca,GA_CW_56
index_8nt_53,ccagtcta,GA_PV_20
index_9nt_53,taacggtaa,GA_CM_13
index_10nt_188,cgaggaagca,GA_PT_7
index_8nt_54,atatagta,GA_CM_7
index_9nt_54,aatccttaa,GA_CH_9
index_8nt_55,aagaggta,GA_IC_23
index_10nt_191,aggcgcagca,GA_BD_1
index_8nt_56,ttcaatta,GA_CW_20
index_10nt_192,catctcagca,GA_IS_2
index_8nt_57,ccgcgtta,GA_SM_3
index_9nt_57,ggttaacca,GA_UN_9
index_10nt_195,aattggagca,GA_UN_20
index_8nt_58,cctccaac,GA_CE_6
index_9nt_58,gtcagacca,GA_CE_10
index_10nt_200,caggaacgca,GA_BD_2
index_8nt_59,ttgcgaac,GA_BT_8
index_9nt_59,agacgacca,GA_IC_27
index_10nt_211,aactctcgca,GA_BT_3
index_9nt_60,cctatacca,GA_EM_9
index_10nt_213,aatgcaggca,GA_CW_4
index_8nt_61,acctgaac,GA_SM_14
index_9nt_61,cttgagcca,GA_CW_23
index_10nt_215,ttggacggca,GA_CL_3
index_8nt_62,aatataac,GA_HU_22
index_9nt_62,actccgcca,GA_CM_10
index_10nt_218,ttaattggca,GA_CE_5
index_8nt_63,gcggtaac,GA_CE_11
index_9nt_63,ggagcgcca,GA_BT_9
index_10nt_221,cataattgca,GA_PI_13
index_8nt_64,cttaagac,GA_CL_27
index_9nt_64,cggaggcca,GA_CW_22
index_10nt_222,agaacttgca,GA_IC_43
index_8nt_65,gacgagac,GA_CC_5
index_9nt_65,ataatgcca,GA_CM_4
index_10nt_225,caattaatca,GA_SM_19
index_8nt_66,aggacgac,GA_UN_24
index_9nt_66,gcgttgcca,GA_CE_4
index_10nt_227,ttatgcatca,GA_PT_9
index_8nt_67,tattggac,GA_CW_3
index_9nt_67,tagactcca,GA_CE_9
index_10nt_231,tattctatca,GA_IC_34
index_8nt_68,cgcttgac,GA_CS_3
index_9nt_68,gatcgtcca,GA_HU_5
index_10nt_239,gcttgcctca,GA_LM_17
index_8nt_69,taggctac,GA_EM_11
index_9nt_69,ctccttcca,GA_SG_12
index_10nt_243,agcatgctca,GA_SG_9
index_8nt_70,gtcattac,GA_PT_5
index_10nt_244,actaatctca,GA_JT_18
index_8nt_71,caacttac,GA_CM_3
index_9nt_71,aactcagca,GA_CW_21
index_10nt_249,attcgcgtca,GA_SM_4
index_8nt_72,gatcaacc,GA_PI_8
index_9nt_72,gaaggagca,GA_SM_23
index_10nt_251,tccaaggtca,GA_UN_25
index_8nt_73,gcaagacc,GA_CW_30
index_9nt_73,atggtagca,GA_SM_6
index_10nt_253,catatggtca,GA_CW_8
index_8nt_74,agccagcc,GA_IS_12
index_9nt_74,cgtaacgca,GA_CS_4
index_10nt_256,ggcgtattca,GA_PT_3
index_8nt_75,ccagagcc,GA_LM_14
index_9nt_75,gtctacgca,GA_LM_8
index_10nt_260,cgaaccaaga,GA_CL_19
index_8nt_76,ttatcgcc,GA_SG_8
index_9nt_76,acgaccgca,GA_MM_9
index_8nt_77,tcgatgcc,GA_MP_2
index_9nt_77,agcctcgca,GA_EM_3
index_10nt_262,acgtccaaga,GA_SM_17
index_8nt_78,cagtatcc,GA_BD_12
index_9nt_78,ccagtcgca,GA_CW_57
index_8nt_79,actactcc,GA_IS_15
index_9nt_79,tggcaggca,GA_IC_26
index_10nt_264,atactcaaga,GA_MM_20
index_8nt_80,ggacctcc,GA_SM_11
index_9nt_80,gatacggca,GA_NE_1
index_10nt_265,cagaagaaga,GA_BT_1
index_8nt_81,ctcggtcc,GA_IC_16
index_9nt_81,tccgctgca,GA_EM_10
index_10nt_274,aggattaaga,GA_IS_18
index_8nt_82,ggcgcagc,GA_BD_14
index_9nt_82,cggtctgca,GA_CC_16
index_10nt_290,agataagaga,GA_IC_19
index_8nt_83,ccattagc,GA_NE_4
index_9nt_83,cgcgcatca,GA_CL_7
index_10nt_302,tatacggaga,GA_NE_8
index_8nt_84,cgcaacgc,GA_HU_18
index_9nt_84,ttgcgatca,GA_BS_2
index_10nt_306,cgcgaataga,GA_FI_25
index_8nt_85,atagacgc,GA_PP_28
index_9nt_85,acttgatca,GA_MM_26
index_10nt_312,ttcagctaga,GA_BD_15
index_8nt_86,gcttacgc,GA_IS_29
index_9nt_86,agagactca,GA_NE_3
index_10nt_320,tcaacgacga,GA_PI_12
index_8nt_87,gagaccgc,GA_SM_7
index_9nt_87,gccggctca,GA_CE_3
index_10nt_336,ctctgatcga,GA_PT_4
index_8nt_88,gttccggc,GA_IC_3
index_9nt_88,ctatgctca,GA_SM_2
index_10nt_340,attggaagga,GA_HU_13
index_8nt_89,aactcggc,GA_CL_23
index_9nt_89,gagatctca,GA_CM_1
index_10nt_345,caggttagga,GA_BD_13
index_8nt_90,ctaactgc,GA_CC_6
index_9nt_90,ggcaagtca,GA_TP_7
index_8nt_91,atgcttgc,GA_CW_31
index_9nt_91,ccgaattca,GA_UN_19
index_10nt_355,atatgctgga,GA_CS_20
index_8nt_92,cggcaatc,GA_PI_14
index_9nt_92,gaatattca,GA_WV_10
index_10nt_356,ggaatctgga,GA_TP_1
index_8nt_93,ctctcatc,GA_PP_19
index_10nt_357,agtcattgga,GA_TP_15
index_8nt_94,ggttgatc,GA_CL_21
index_10nt_363,tagcatatga,GA_CW_27
index_8nt_95,catgactc,GA_IC_22
index_9nt_95,ggctcaaga,GA_FI_26
index_10nt_370,ttatatctga,GA_BS_7
index_8nt_96,acggcctc,GA_FI_22
index_10nt_371,ccagttctga,GA_IC_12
index_8nt_97,attagctc,GA_BT_2
index_9nt_97,aatcgaaga,GA_CE_7
index_10nt_373,cggtccttga,GA_MM_4
index_8nt_98,tgactctc,GA_SM_1
index_9nt_98,ctcataaga,GA_CW_7
index_10nt_376,acgccgttga,GA_IS_5
index_8nt_99,gcgaattc,GA_LM_6
index_9nt_99,gaggtaaga,GA_CW_26
index_10nt_379,tgcggcaata,GA_PI_6
index_8nt_100,gattcaag,GA_CC_3
index_9nt_100,cgaaccaga,GA_SM_21
index_10nt_402,gccgacgata,GA_BD_10
index_8nt_101,ctaataag,GA_CW_17
index_9nt_101,gtccgcaga,GA_BD_11
index_10nt_412,tataactata,GA_CL_25
index_8nt_102,acgagcag,GA_MP_4
index_9nt_102,cctggcaga,GA_CW_42
index_10nt_420,ccgcctacta,GA_BS_4
index_8nt_103,ggcggcag,GA_CW_60
index_9nt_103,aacttcaga,GA_TP_4
index_10nt_422,tgagtaccta,GA_UN_13
index_8nt_104,tctacgag,GA_PP_26
index_9nt_104,acgaagaga,GA_CW_25
index_10nt_423,ctaaggccta,GA_UN_15
index_9nt_105,ggtcagaga,GA_PV_19
index_10nt_426,cctatagcta,GA_UN_4
index_8nt_106,aaccggag,GA_CC_10
index_9nt_106,caatggaga,GA_EA_4
index_10nt_429,caaggatcta,GA_MP_3
index_8nt_107,cgatatag,GA_MM_19
index_9nt_107,taagataga,GA_CW_18
index_10nt_431,cgcctatcta,GA_TP_14
index_8nt_108,actcttag,GA_CS_18
index_9nt_108,acttctaga,GA_UN_7
index_10nt_432,tcctactcta,GA_CW_24
index_8nt_109,cggagacg,GA_FV_12
index_9nt_109,agacttaga,GA_TP_2
index_10nt_433,ttggtctcta,GA_HU_20
index_8nt_110,gtctgacg,GA_CL_11
index_9nt_110,aggatacga,GA_IC_5
index_10nt_435,agaccgtcta,GA_SG_16
index_8nt_111,accatacg,GA_SM_13
index_9nt_111,taactacga,GA_CW_38
index_10nt_440,agcgatagta,GA_HV_15
index_8nt_112,gaagtacg,GA_IC_36
index_9nt_112,tattaccga,GA_WV_4
index_10nt_441,ctacttagta,GA_CL_17
index_8nt_113,ggtaaccg,GA_FV_11
index_9nt_113,cgcgtccga,GA_IS_24
index_10nt_446,taagccggta,GA_CW_14
index_8nt_114,ctggtccg,GA_PV_15
index_9nt_114,gacgagcga,GA_PP_23
index_10nt_447,gtcgctggta,GA_UN_8
index_8nt_115,atgaagcg,GA_CL_6
index_9nt_115,cgttcgcga,GA_JT_13
index_10nt_448,tggtctggta,GA_MM_11
index_8nt_116,agttcgcg,GA_WV_8
index_9nt_116,tctaggcga,GA_IC_11
index_10nt_449,cgcattggta,GA_PP_25
index_8nt_117,catatgcg,GA_CW_2
index_9nt_117,atgcggcga,GA_UN_23
index_10nt_451,tccgcgatta,GA_TP_8
index_8nt_118,gttgaagg,GA_BT_6
index_9nt_118,atctatcga,GA_PI_10
index_10nt_453,tgccgactta,GA_CW_19
index_8nt_119,tcctcagg,GA_IC_25
index_9nt_119,ctaagtcga,GA_BS_6
index_10nt_456,gttgcgctta,GA_SM_12
index_8nt_120,cgtctagg,GA_HV_1
index_9nt_120,gttgaagga,GA_UN_18
index_10nt_457,cctcggctta,GA_BS_5
index_8nt_121,agaaccgg,GA_CL_1
index_9nt_121,cagagagga,GA_SM_24
index_10nt_458,tcattgctta,GA_CS_16
index_8nt_122,aatggcgg,GA_BS_3
index_9nt_122,cgtctagga,GA_BD_4
index_10nt_459,ggacctctta,GA_PP_3
index_8nt_123,gtattcgg,GA_IC_28
index_9nt_123,tacggcgga,GA_CH_5
index_10nt_460,acgtctctta,GA_UN_16
index_8nt_124,cagcctgg,GA_IS_28
index_9nt_124,agatgcgga,GA_CL_14
index_10nt_461,ggagaagtta,GA_IS_10
index_8nt_125,atcgctgg,GA_CM_2
index_9nt_125,gctatcgga,GA_CL_22
index_10nt_462,ctaaccgtta,GA_IC_1
index_8nt_126,tgagttgg,GA_IS_3
index_10nt_464,ttcttcgtta,GA_PP_18
index_8nt_127,taaccatg,GA_CL_20
index_9nt_127,agccaatga,GA_HU_16
index_10nt_465,actacggtta,GA_BS_1
index_8nt_128,acctactg,GA_IC_8
index_9nt_128,tcataatga,GA_MM_22
index_10nt_466,gaactggtta,GA_CL_15
index_9nt_129,ttcaactga,GA_PT_10
index_10nt_467,ttcaaccaac,GA_HV_5
index_8nt_130,gttacttg,GA_FV_4
index_9nt_130,atgacttga,GA_MP_6
index_10nt_468,aaggaccaac,GA_BD_5
index_8nt_131,agcgtaat,GA_IC_31
index_9nt_131,cggcgttga,GA_MP_8
index_10nt_469,ggaggccaac,GA_SG_15
index_8nt_132,cagttaat,GA_FI_19
index_9nt_132,gaaccaata,GA_HU_12
index_10nt_472,gtctcgcaac,GA_CL_5
index_8nt_133,acttccat,GA_UN_17
index_9nt_133,agcagaata,GA_SM_10
index_10nt_473,ctacggcaac,GA_TP_10
index_8nt_134,gcgcggat,GA_SG_7
index_9nt_134,tggctaata,GA_MM_13
index_8nt_135,cgtcgtat,GA_HU_14
index_9nt_135,ccattaata,GA_MP_5
index_10nt_482,agccaagaac,GA_SM_18
index_8nt_136,acgtaact,GA_PP_2
index_9nt_136,ttgaccata,GA_WV_9
index_10nt_484,ttggcagaac,GA_CC_4
index_8nt_137,gttatact,GA_CW_55
index_9nt_137,aatgccata,GA_CH_1
index_8nt_138,ctctagct,GA_CL_9
index_9nt_138,ggaggcata,GA_PV_8
index_10nt_496,aagccataac,GA_IC_32
index_8nt_139,tggcatct,GA_BD_7
index_9nt_139,aaccagata,GA_SM_5
index_10nt_499,actaactaac,GA_CS_12
index_8nt_140,gaatgagt,GA_PV_6
index_9nt_140,cttccgata,GA_NE_5
index_10nt_501,tagagctaac,GA_PP_8
index_8nt_141,gccgtcgt,GA_UN_6
index_9nt_141,tcagcgata,GA_PI_2
index_10nt_506,gtatcaagac,GA_NE_9
index_8nt_142,ccggcggt,GA_CL_16
index_9nt_142,aggtcgata,GA_FI_21
index_10nt_509,attagcagac,GA_SM_16
index_8nt_143,actatggt,GA_WV_1
index_9nt_143,gcgcggata,GA_MM_21
index_10nt_512,cgtcggagac,GA_JT_5
index_8nt_144,agaagatt,GA_UN_5
index_9nt_144,gtcttgata,GA_PV_4
index_10nt_524,tactatcgac,GA_JT_4
index_9nt_145,gataatata,GA_BS_13
index_10nt_532,tccgttggac,GA_CH_2
index_8nt_146,ggatcctt,GA_WV_3
index_9nt_146,tcgtatata,GA_PP_24
index_10nt_538,aacctctgac,GA_PV_1
index_8nt_147,caacgctt,GA_FV_15
index_9nt_147,ctcggtata,GA_SM_20
index_10nt_565,ttaatggtac,GA_CW_37
index_8nt_148,ggtcagtt,GA_CW_29
index_9nt_148,ttatgacta,GA_LM_5
index_10nt_566,ttcggattac,GA_CH_3
index_8nt_149,attgcgtt,GA_JT_16
index_9nt_149,gttctacta,GA_JT_8
index_10nt_567,taagacttac,GA_MM_23
index_9nt_150,catagccta,GA_PI_5
index_10nt_568,agttagttac,GA_BS_8
index_9nt_151,gaattccta,GA_PV_17
index_10nt_570,atatccaacc,GA_HU_17
index_9nt_152,agtcatcta,GA_UN_10
index_10nt_600,tcagcgtacc,GA_IC_29
index_9nt_153,gcctctcta,GA_JT_12
index_9nt_154,tgcattcta,GA_SM_22
index_10nt_606,cagataagcc,GA_CW_28
index_9nt_155,aaggttcta,GA_PV_10
index_10nt_610,ccttctagcc,GA_EA_2
index_9nt_156,ccttccgta,GA_MM_5
index_10nt_615,tctcgccgcc,GA_JT_11
index_9nt_157,atagaggta,GA_IC_35
index_10nt_622,ccaggtcgcc,GA_CW_33
index_9nt_158,cagtaggta,GA_BD_6
index_10nt_623,taacttcgcc,GA_BS_17
index_9nt_159,cgctactta,GA_UN_2
index_10nt_631,ttctctggcc,GA_PV_18
index_9nt_160,attcgctta,GA_CW_43
index_10nt_632,gctgactgcc,GA_MP_7
index_9nt_161,accatctta,GA_CS_13
index_10nt_633,ctctactgcc,GA_HV_7
index_9nt_162,aagaggtta,GA_PP_20
index_10nt_634,aattcctgcc,GA_FV_6
index_9nt_163,ggttggtta,GA_SG_10
index_10nt_635,agagtctgcc,GA_BD_8
index_9nt_164,gcgaccaac,GA_CL_8
index_10nt_637,tgcgattgcc,GA_PT_1
index_9nt_165,ttacgcaac,GA_PV_12
index_10nt_639,tctgccatcc,GA_CL_2
index_9nt_166,gactgcaac,GA_CC_2
index_10nt_641,ctgctcatcc,GA_IS_27
index_10nt_643,agattgatcc,GA_TP_9
index_9nt_168,cgtaagaac,GA_CS_2
index_10nt_645,aatattatcc,GA_IS_22
index_9nt_169,gtcgagaac,GA_PV_13
index_10nt_646,atggaactcc,GA_PV_5
index_9nt_170,caaccgaac,GA_CW_5
index_10nt_647,taataactcc,GA_CW_59
index_9nt_171,atgaggaac,GA_CL_12
index_10nt_650,tggcggctcc,GA_CW_35
index_9nt_172,gctctgaac,GA_PP_17
index_10nt_651,cgcagtctcc,GA_PI_9
index_9nt_173,tgattgaac,GA_CS_5
index_9nt_174,acggataac,GA_IC_33
index_10nt_655,taggcggtcc,GA_IS_14
index_9nt_175,tggcctaac,GA_LM_10
index_10nt_656,gacttggtcc,GA_IS_20
index_9nt_176,cttgctaac,GA_HV_16
index_10nt_658,gtattattcc,GA_JT_19
index_9nt_177,ccaattaac,GA_FV_13
index_10nt_659,tgcttcttcc,GA_PP_1
index_9nt_178,ctataagac,GA_CS_7
index_10nt_661,gtcgcgttcc,GA_JT_7
index_9nt_179,tctccagac,GA_CS_9
index_10nt_662,gttcgcaagc,GA_IC_20
index_9nt_180,accggagac,GA_IC_40
index_10nt_663,ccattcaagc,GA_MM_18
index_9nt_181,gttatagac,GA_LM_3
index_10nt_666,cgcaataagc,GA_CW_1
index_9nt_182,agtcgcgac,GA_JT_14
index_10nt_667,gaggctaagc,GA_CC_7
index_9nt_183,ctcctcgac,GA_IC_21
index_10nt_668,agacgtaagc,GA_MM_27
index_9nt_184,acgttcgac,GA_HU_11
index_10nt_669,ggtccgcagc,GA_WV_5
index_9nt_185,gattaggac,GA_IS_1
index_10nt_670,actaggcagc,GA_IS_13
index_9nt_186,ttagcggac,GA_CW_39
index_10nt_675,tggctagagc,GA_WV_6
index_9nt_187,agctcggac,GA_BS_15
index_10nt_676,gatgacgagc,GA_FV_14
index_9nt_188,tagctggac,GA_CL_26
index_10nt_679,aggacggagc,GA_FI_17
index_9nt_189,gaggctgac,GA_HU_4
index_10nt_685,gcatggtagc,GA_IC_30
index_9nt_190,agagttgac,GA_SG_14
index_10nt_692,gtctagacgc,GA_FI_18
index_9nt_191,tgcagatac,GA_LM_16
index_10nt_694,tatctgacgc,GA_CL_29
index_9nt_192,gaagtatac,GA_IS_4
index_10nt_696,tgcggtacgc,GA_BS_10
index_9nt_193,cgagcctac,GA_IC_41
index_10nt_702,ttgaagccgc,GA_NE_6
index_9nt_194,cctagctac,GA_IS_23
index_10nt_710,ccggcagcgc,GA_NE_7
index_9nt_195,aggcagtac,GA_UN_11
index_10nt_712,agcaacgcgc,GA_FV_9
index_9nt_196,ttgaattac,GA_JT_17
index_10nt_713,gcaaccgcgc,GA_MM_6
index_9nt_197,taatcttac,GA_CS_10
index_10nt_717,gaatatgcgc,GA_PP_10
index_9nt_198,atccgttac,GA_FV_16
index_10nt_724,tacgcgtcgc,GA_CH_6
index_9nt_199,aagccaacc,GA_CC_9
index_10nt_725,acgtcttcgc,GA_IS_17
index_9nt_200,ccttcaacc,GA_MM_24
index_10nt_726,catggttcgc,GA_EM_4
index_9nt_201,cgaagaacc,GA_IC_7
index_10nt_727,ttacgaaggc,GA_IC_6
index_9nt_202,attggaacc,GA_CH_7
index_10nt_730,gaagtcaggc,GA_CS_17
index_9nt_203,tatataacc,GA_PV_16
index_10nt_734,atccgccggc,GA_CC_13
index_9nt_204,gtattaacc,GA_IS_11
index_10nt_735,catatccggc,GA_CC_11
index_9nt_205,accgcgacc,GA_CW_40
index_10nt_736,tatgagcggc,GA_HU_7
index_9nt_206,atcaatacc,GA_PP_16
index_10nt_738,gcctctcggc,GA_HV_4
index_9nt_207,agatctacc,GA_WV_7
index_10nt_739,cgaagatggc,GA_CH_10
index_9nt_208,gagagtacc,GA_IC_18
index_10nt_740,ggagcttggc,GA_PP_5
index_9nt_209,ttggttacc,GA_IC_38
index_10nt_743,gcgcggatgc,GA_SG_17
index_10nt_744,ttgattatgc,GA_MP_1
index_9nt_211,gcgtaagcc,GA_TP_13
index_10nt_745,gcgttactgc,GA_PP_13
index_9nt_212,catcgagcc,GA_PP_11
index_10nt_747,ggtagcctgc,GA_MM_25
index_9nt_213,aaggacgcc,GA_CL_10
index_10nt_748,ttagcgctgc,GA_CW_34
index_9nt_214,ggaaccgcc,GA_IC_10
index_10nt_749,catcctctgc,GA_CS_6
index_9nt_215,ctgaaggcc,GA_PV_14
index_10nt_751,aaccaattgc,GA_MM_28
index_9nt_216,gccatggcc,GA_CC_8
index_10nt_752,gattcattgc,GA_FI_12
index_9nt_217,cgactggcc,GA_CS_1
index_10nt_753,atctccttgc,GA_PI_7
index_9nt_218,actcatgcc,GA_UN_1
index_10nt_754,tcaagcttgc,GA_MM_8
index_9nt_219,ggtccatcc,GA_CM_5
index_10nt_756,atgaggttgc,GA_IS_21
index_9nt_220,acgatatcc,GA_JT_3
index_10nt_758,tggtccaatc,GA_PI_3
index_9nt_221,gttaactcc,GA_MM_17
index_10nt_765,gagaatcatc,GA_EA_3
index_9nt_222,atctcctcc,GA_CW_41
index_10nt_768,ctcctagatc,GA_CC_1
index_9nt_223,gaacgctcc,GA_LM_13
index_10nt_769,tcttacgatc,GA_BS_9
index_10nt_770,aatatggatc,GA_FV_3
index_9nt_225,cggttctcc,GA_PV_11
index_10nt_773,tattgatatc,GA_LM_1
index_9nt_226,caagagtcc,GA_IC_39
index_10nt_774,ggcatatatc,GA_MM_2
index_9nt_227,ccgccgtcc,GA_JT_6
index_10nt_776,acttcgtatc,GA_LM_9
index_9nt_228,tcaaggtcc,GA_FV_8
index_10nt_783,gaccatactc,GA_SG_2
index_9nt_229,cgccattcc,GA_MM_3
index_10nt_784,ttatatactc,GA_UN_12
index_9nt_230,ctaacttcc,GA_BS_16
index_9nt_231,agtagttcc,GA_TP_5
index_10nt_788,tccggacctc,GA_LM_12
index_9nt_232,tcctgaagc,GA_EM_7
index_10nt_791,aggctgcctc,GA_IS_26
index_9nt_233,ggtagcagc,GA_IS_25
index_10nt_793,ccaattcctc,GA_BS_14
index_9nt_234,cagcgcagc,GA_HU_9
index_10nt_800,cataatgctc,GA_SG_1
index_9nt_235,attctcagc,GA_JT_10
index_10nt_801,gtacttgctc,GA_LM_7
index_9nt_236,gcagtcagc,GA_IS_6
index_10nt_802,ttaccatctc,GA_FV_7
index_9nt_237,agagagagc,GA_TP_12
index_10nt_803,acgatatctc,GA_PI_1
index_9nt_238,gtaacgagc,GA_IC_42
index_10nt_805,taccgctctc,GA_PI_17
index_9nt_239,ccgttgagc,GA_HV_3
index_10nt_806,gtatgctctc,GA_WV_2
index_9nt_240,gaccatagc,GA_CW_32
index_10nt_808,gagaggtctc,GA_IC_14
index_9nt_241,cctcaacgc,GA_LM_11
index_10nt_812,tctacgagtc,GA_MM_14
index_9nt_242,atggaacgc,GA_IS_19
index_10nt_817,gaaccgcgtc,GA_MM_15
index_9nt_243,gaataacgc,GA_CC_15
index_10nt_819,ttggctcgtc,GA_FI_13
index_9nt_244,ggccgacgc,GA_JT_9
index_10nt_822,tatcctggtc,GA_MM_12
index_9nt_245,atcagccgc,GA_CC_12
index_10nt_824,gtcgtaattc,GA_CS_11
index_9nt_246,ccatgccgc,GA_PV_2
index_10nt_830,cgattccttc,GA_FI_15
index_9nt_247,aagacgcgc,GA_CS_14
index_10nt_831,gctaagcttc,GA_BS_12
index_9nt_248,ttctcgcgc,GA_HU_1
index_10nt_832,ctctggcttc,GA_HV_17
index_9nt_249,cttatgcgc,GA_EM_5
index_10nt_833,tacctgcttc,GA_JT_2
index_9nt_250,gcgaatcgc,GA_IC_24
index_10nt_835,tccatagttc,GA_FI_20
index_9nt_251,cgacctcgc,GA_HU_6
index_10nt_837,cctctcgttc,GA_CW_36
index_9nt_252,actggtcgc,GA_MP_10
index_10nt_838,ttatgccaag,GA_PP_7
index_9nt_253,gtcgttcgc,GA_PP_14
index_10nt_839,atcctccaag,GA_IS_7
index_9nt_254,cgcgaaggc,GA_TP_11
index_10nt_840,gcgttccaag,GA_HU_8
index_9nt_255,aacctaggc,GA_MM_10
index_10nt_841,gaggcgcaag,GA_BS_11
index_9nt_256,cataccggc,GA_PI_4
index_10nt_842,acgcggcaag,GA_LM_4
index_9nt_257,gcctccggc,GA_SM_9
index_10nt_843,cgctggcaag,GA_LM_2
index_9nt_258,ttgatcggc,GA_CL_4
index_10nt_844,ggatctcaag,GA_NE_2
index_9nt_259,gttcctggc,GA_HU_3
index_10nt_845,caaggtcaag,GA_PP_4
index_9nt_260,caggcatgc,GA_FV_10
index_10nt_846,ctatcagaag,GA_IC_9
index_9nt_261,ctacgatgc,GA_HU_10
index_10nt_847,ggtagcgaag,GA_CS_8
index_9nt_262,accgactgc,GA_FI_16
index_10nt_848,agtccggaag,GA_IS_8
index_9nt_263,aattgctgc,GA_FV_1
index_10nt_849,accaatgaag,GA_MM_7
index_9nt_264,ggttattgc,GA_CW_58
index_10nt_850,gtagatgaag,GA_CW_6
index_9nt_265,tgcgcttgc,GA_PP_6
index_9nt_266,acttagatc,GA_HU_2
index_10nt_852,gtcggctaag,GA_TP_3
index_9nt_267,ctgcatatc,GA_HV_9
index_10nt_853,atggagtaag,GA_HV_12
index_9nt_268,tctagtatc,GA_FI_14
index_10nt_854,cgagcgtaag,GA_BT_5
index_9nt_269,acgcgactc,GA_PP_9
index_10nt_856,aattagccag,GA_IC_13
index_9nt_270,gatggactc,GA_PV_7
index_10nt_857,cctatgccag,GA_PI_11
index_9nt_271,gcaatactc,GA_SG_6
index_10nt_858,gcgcatccag,GA_PP_29
index_9nt_272,agcgtactc,GA_PV_9
index_10nt_861,atcatagcag,GA_IC_37
index_10nt_866,gacgttgcag,GA_SG_5
index_9nt_274,gtagacctc,GA_PP_27
index_10nt_867,gagtaatcag,GA_HV_6
index_9nt_275,cgatagctc,GA_JT_15
index_10nt_868,gcagcctcag,GA_PV_3
index_9nt_276,ataccgctc,GA_IS_16
index_10nt_873,gcgagcagag,GA_EM_1
index_9nt_277,gcggcgctc,GA_PI_15
index_10nt_874,cttgagagag,GA_MM_1
index_9nt_278,aactggctc,GA_CH_8
index_10nt_876,catagtagag,GA_CL_28
index_9nt_279,ccagcagtc,GA_CS_15
index_10nt_887,aactgatgag,GA_BT_4
index_9nt_280,ctcagagtc,GA_SM_8
index_10nt_889,tgatattgag,GA_FV_5
index_9nt_281,ggatgagtc,GA_SG_3
index_10nt_892,ttccggatag,GA_IC_4
index_9nt_282,ggccaggtc,GA_BT_15
index_10nt_906,catatattag,GA_MP_9
index_9nt_287,cattcgttc,GA_CL_13
index_10nt_908,tcgctcttag,GA_MM_16
index_9nt_288,atagtcaag,GA_BT_14
index_9nt_293,gatatccag,GA_CH_4
index_10nt_926,gcctagtacg,GA_PP_30
index_9nt_294,agatggcag,GA_HV_2
index_10nt_942,caactctccg,GA_HV_14
index_9nt_300,gcgcaggag,GA_EM_8
index_10nt_943,gatgagtccg,GA_IC_17
index_10nt_956,ggaattcgcg,GA_HV_13
index_9nt_306,gttcggtag,GA_EM_6
index_10nt_957,ttcgttcgcg,GA_FI_23
index_10nt_966,aatcgttgcg,GA_HV_8
index_9nt_312,ggatagacg,GA_CC_17
index_10nt_968,catcatatcg,GA_PP_15
index_10nt_976,tgcgcagtcg,GA_PP_12
index_9nt_318,gcatgaccg,GA_SG_4
index_10nt_977,tatcgagtcg,GA_HV_10
index_10nt_984,cggctcaagg,GA_FV_2
index_9nt_324,cgcatagcg,GA_LM_15
index_10nt_985,cgatagaagg,GA_HV_11