BARCODE_ID,BARCODE,ID
index_8nt_2,aacgccaa,KL_SW_1
index_10nt_2,ccagaaccaa,KL_SW_2
index_8nt_3,cggtccaa,KL_SW_3
index_9nt_3,aggtaccaa,KL_SW_4
index_10nt_3,aggtaaccaa,KL_SW_5
index_8nt_4,ctcagcaa,KL_SW_6
index_9nt_4,tgaagccaa,KL_SW_7
index_8nt_5,agacgcaa,KL_SW_8
index_9nt_5,aaccgccaa,KL_SW_9
index_10nt_5,tcgcgaccaa,KL_SW_10
index_8nt_6,tctggcaa,KL_SW_11
index_9nt_6,gttggccaa,KL_SW_12
index_10nt_6,atcggaccaa,KL_SW_13
index_8nt_7,tagatcaa,KL_SW_14
index_9nt_7,ctgatccaa,KL_SW_15
index_10nt_7,cattgaccaa,KL_SW_16
index_8nt_8,gttctcaa,KL_SW_17
index_9nt_8,tctctccaa,KL_SW_18
index_10nt_8,ctgataccaa,KL_SW_19
index_9nt_9,aataagcaa,KL_SW_20
index_10nt_9,accaagccaa,KL_AS_21
index_8nt_10,cagcagaa,KL_AS_22
index_9nt_10,cgccagcaa,KL_AS_23
index_10nt_10,cgtcagccaa,KL_AS_24
index_8nt_11,tgagagaa,KL_AS_25
index_9nt_11,tcggagcaa,KL_AS_26
index_10nt_11,taggagccaa,KL_AS_27
index_8nt_12,gtctcgaa,KL_AS_28
index_9nt_12,gtatagcaa,KL_AS_29
index_10nt_12,gtatagccaa,KL_AS_30
index_8nt_13,ggtaggaa,KL_AS_31
index_9nt_13,ccaacgcaa,KL_AS_32
index_10nt_13,gatacgccaa,KL_AS_33
index_8nt_14,ccatggaa,KL_AS_34
index_9nt_14,gagccgcaa,KL_AS_35
index_10nt_16,tcttatccaa,KL_AS_36
index_8nt_15,ggccataa,KL_AS_37
index_9nt_15,atcgcgcaa,KL_AS_38
index_10nt_17,ttaactccaa,KL_AS_39
index_8nt_16,atggataa,KL_AS_40
index_9nt_16,tacttgcaa,KL_KP_41
index_10nt_18,gccgctccaa,KL_KP_42
index_8nt_17,catactaa,KL_KP_43
index_9nt_17,ccttatcaa,KL_KP_44
index_10nt_23,tgcgaagcaa,KL_KP_45
index_8nt_18,ttacctaa,KL_KP_46
index_9nt_18,ggtactcaa,KL_KP_47
index_10nt_24,taaccagcaa,KL_KP_48
index_8nt_19,gaaggtaa,KL_KP_49
index_9nt_19,ttacctcaa,KL_KP_50
index_10nt_25,cttgcagcaa,KL_KP_51
index_9nt_20,acgagtcaa,KL_KP_52
index_10nt_31,agaaccgcaa,KL_KP_53
index_8nt_21,gtcgacca,KL_KP_54
index_9nt_21,gcagttcaa,KL_KP_55
index_10nt_37,agcctggcaa,KL_KP_56
index_8nt_22,aattacca,KL_KP_57
index_10nt_38,ggtaatgcaa,KL_KP_58
index_8nt_23,ataatcca,KL_KP_59
index_10nt_41,ggtccatcaa,KL_EM_60
index_8nt_24,cgcctcca,KL_EM_61
index_9nt_24,aggccagaa,KL_EM_62
index_10nt_43,tccatatcaa,KL_EM_63
index_8nt_25,cgaacgca,KL_EM_64
index_9nt_25,catgcagaa,KL_EM_65
index_10nt_47,ttacgctcaa,KL_EM_66
index_8nt_26,acgccgca,KL_EM_67
index_9nt_26,gcatcagaa,KL_EM_68
index_8nt_27,gatgcgca,KL_EM_69
index_9nt_27,ataagagaa,KL_EM_70
index_8nt_28,gtacggca,KL_EM_71
index_9nt_28,cgctgagaa,KL_EM_72
index_10nt_57,ccgtcaagaa,KL_EM_73
index_8nt_29,cttcatca,KL_EM_74
index_9nt_29,tccatagaa,KL_EM_75
index_10nt_58,tcaagaagaa,KL_EM_76
index_8nt_30,gcatatca,KL_EM_77
index_9nt_30,tagaacgaa,KL_EM_78
index_10nt_59,ctccgaagaa,KL_SL_79
index_8nt_31,tccgctca,KL_SL_80
index_9nt_31,actgacgaa,KL_SL_81
index_8nt_32,agcagtca,KL_SL_82
index_9nt_32,ggcgccgaa,KL_SL_83
index_10nt_62,ttggtaagaa,KL_SL_84
index_8nt_33,gagcttca,KL_SL_85
index_9nt_33,ccgcgcgaa,KL_SL_86
index_10nt_63,tggaccagaa,KL_SL_87
index_8nt_34,gcgcaaga,KL_SL_88
index_9nt_34,ttattcgaa,KL_SL_89
index_10nt_104,tcctcttgaa,KL_SL_90
index_9nt_35,ggaatggaa,KL_SL_91
index_10nt_114,tctcgcataa,KL_SL_92
index_9nt_36,attctggaa,KL_SL_93
index_10nt_130,aagttgctaa,KL_SL_94
index_8nt_37,aatccaga,KL_SL_95
index_9nt_37,agcaatgaa,KL_SL_96
index_10nt_138,atagtcgtaa,KL_LS_97
index_8nt_38,cctagaga,KL_LS_98
index_9nt_38,ctggatgaa,KL_LS_99
index_10nt_143,tgcaacttaa,KL_LS_100
index_8nt_39,ggaataga,KL_LS_101
index_9nt_39,caacttgaa,KL_LS_102
index_10nt_148,aagccaacca,KL_LS_103
index_8nt_40,ttcgtaga,KL_LS_104
index_9nt_40,cttcaataa,KL_LS_105
index_8nt_41,cttgccga,KL_LS_106
index_9nt_41,aaggaataa,KL_LS_107
index_10nt_150,cgctcaacca,KL_LS_108
index_8nt_42,gaccgcga,KL_LS_109
index_9nt_42,ttctcataa,KL_LS_110
index_10nt_151,ataagaacca,KL_LS_111
index_8nt_43,acgttcga,KL_LS_112
index_9nt_43,gatagataa,KL_LS_113
index_10nt_152,cctcgaacca,KL_LS_114
index_8nt_44,tataagga,KL_LS_115
index_9nt_44,ccaggataa,KL_LS_116
index_10nt_153,gtcctaacca,KL_EE_117
index_8nt_45,ctgatgga,KL_EE_118
index_9nt_45,gcgctataa,KL_EE_119
index_10nt_155,ctgcagacca,KL_EE_120
index_8nt_46,tggactga,KL_EE_121
index_9nt_46,agattataa,KL_EE_122
index_10nt_162,cttattacca,KL_EE_123
index_8nt_47,actgaata,KL_EE_124
index_9nt_47,gtaacctaa,KL_EE_125
index_10nt_164,accgttacca,KL_EE_126
index_8nt_48,tagtaata,KL_EE_127
index_9nt_48,cagtcctaa,KL_EE_128
index_10nt_165,cagagagcca,KL_EE_129
index_8nt_49,gtagcata,KL_EE_130
index_9nt_49,acctagtaa,KL_EE_131
index_10nt_167,cattacgcca,KL_EE_132
index_8nt_50,atccgata,KL_EE_133
index_9nt_50,tggacgtaa,KL_EE_134
index_10nt_173,ctatcggcca,KL_EE_135
index_8nt_51,gccttata,KL_EE_136
index_9nt_51,gctgcgtaa,KL_WB_137
index_10nt_176,tgagctgcca,KL_WB_138
index_8nt_52,tgctgcta,KL_WB_139
index_9nt_52,ctcaggtaa,KL_WB_140
index_10nt_185,acctcgtcca,KL_WB_141
index_8nt_53,ccagtcta,KL_WB_142
index_9nt_53,taacggtaa,KL_WB_143
index_10nt_188,cgaggaagca,KL_WB_144
index_8nt_54,atatagta,KL_WB_145
index_9nt_54,aatccttaa,KL_WB_146
index_8nt_55,aagaggta,KL_WB_147
index_10nt_191,aggcgcagca,KL_WB_148
index_8nt_56,ttcaatta,KL_WB_149
index_10nt_192,catctcagca,KL_WB_150
index_8nt_57,ccgcgtta,KL_WB_151
index_10nt_195,aattggagca,KL_WB_152
index_8nt_58,cctccaac,KL_WB_153
index_9nt_58,gtcagacca,KL_WB_154
index_10nt_200,caggaacgca,KL_WB_155
index_8nt_59,ttgcgaac,KL_CP_156
index_9nt_59,agacgacca,KL_CP_157
index_10nt_211,aactctcgca,KL_CP_158
index_9nt_60,cctatacca,KL_CP_159
index_10nt_213,aatgcaggca,KL_CP_160
index_8nt_61,acctgaac,KL_CP_161
index_9nt_61,cttgagcca,KL_CP_162
index_8nt_62,aatataac,KL_CP_163
index_9nt_62,actccgcca,KL_CP_164
index_10nt_218,ttaattggca,KL_CP_165
index_8nt_63,gcggtaac,KL_CP_166
index_9nt_63,ggagcgcca,KL_CP_167
index_10nt_221,cataattgca,KL_CP_168
index_8nt_64,cttaagac,KL_CP_169
index_9nt_64,cggaggcca,KL_CP_170
index_10nt_222,agaacttgca,KL_CP_171
index_8nt_65,gacgagac,KL_CP_172
index_9nt_65,ataatgcca,KL_CP_173
index_8nt_66,aggacgac,KL_KP_174
index_9nt_66,gcgttgcca,KL_EM_175
index_10nt_227,ttatgcatca,KL_SL_176
index_8nt_67,tattggac,KL_SL_177
index_9nt_67,tagactcca,KL_WB_178
index_10nt_231,tattctatca,KL_CP_179
index_8nt_68,cgcttgac,KL_CP_180
index_9nt_68,gatcgtcca,KL_WC_181
index_10nt_239,gcttgcctca,KL_WC_182
index_8nt_69,taggctac,KL_WC_183
index_9nt_69,ctccttcca,KL_WC_184
index_8nt_70,gtcattac,KL_JW_185
index_10nt_244,actaatctca,KL_JW_186
index_8nt_71,caacttac,KL_JW_187
index_9nt_71,aactcagca,KL_JW_188
index_10nt_249,attcgcgtca,KL_JW_189
index_8nt_72,gatcaacc,KL_JW_190
index_9nt_72,gaaggagca,KL_JW_191
index_10nt_251,tccaaggtca,KL_JW_192
index_8nt_73,gcaagacc,KL_JW_193
index_9nt_73,atggtagca,KL_JW_194
index_10nt_253,catatggtca,KL_JW_195
index_8nt_74,agccagcc,KL_JW_196
index_9nt_74,cgtaacgca,KL_SF_197
index_10nt_256,ggcgtattca,KL_SF_198
index_8nt_75,ccagagcc,KL_SF_199
index_9nt_75,gtctacgca,KL_SF_200
index_10nt_260,cgaaccaaga,KL_SF_201
index_8nt_76,ttatcgcc,KL_SF_202
index_9nt_76,acgaccgca,KL_SF_203
index_8nt_77,tcgatgcc,KL_SF_204
index_9nt_77,agcctcgca,KL_SF_205
index_10nt_262,acgtccaaga,KL_SF_206
index_8nt_78,cagtatcc,KL_SF_207
index_9nt_78,ccagtcgca,KL_SF_208
index_8nt_79,actactcc,KL_SF_209
index_9nt_79,tggcaggca,KL_SF_210
index_10nt_264,atactcaaga,KL_SF_211
index_8nt_80,ggacctcc,KL_SF_212
index_9nt_80,gatacggca,KL_SF_213
index_10nt_265,cagaagaaga,KL_SF_214
index_8nt_81,ctcggtcc,KL_SF_215
index_9nt_81,tccgctgca,KL_SF_216
index_10nt_274,aggattaaga,KL_SP_217
index_8nt_82,ggcgcagc,KL_SP_218
index_9nt_82,cggtctgca,KL_SP_219
index_10nt_290,agataagaga,KL_SP_220
index_8nt_83,ccattagc,KL_SP_221
index_9nt_83,cgcgcatca,KL_SP_222
index_10nt_302,tatacggaga,KL_SP_223
index_8nt_84,cgcaacgc,KL_SP_224
index_9nt_84,ttgcgatca,KL_SP_225
index_10nt_306,cgcgaataga,KL_SP_226
index_8nt_85,atagacgc,KL_SP_227
index_9nt_85,acttgatca,KL_SP_228
index_10nt_312,ttcagctaga,KL_SP_229
index_8nt_86,gcttacgc,KL_SP_230
index_9nt_86,agagactca,KL_SP_231
index_10nt_320,tcaacgacga,KL_SP_232
index_8nt_87,gagaccgc,KL_SP_233
index_9nt_87,gccggctca,KL_SP_234
index_10nt_336,ctctgatcga,KL_SP_235
index_8nt_88,gttccggc,KL_SP_236
index_9nt_88,ctatgctca,KL_YE_237
index_10nt_340,attggaagga,KL_YE_238
index_8nt_89,aactcggc,KL_YE_239
index_9nt_89,gagatctca,KL_YE_240
index_10nt_345,caggttagga,KL_YE_241
index_8nt_90,ctaactgc,KL_YE_242
index_9nt_90,ggcaagtca,KL_YE_243
index_9nt_91,ccgaattca,KL_YE_244
index_10nt_355,atatgctgga,KL_YE_245
index_8nt_92,cggcaatc,KL_YE_246
index_9nt_92,gaatattca,KL_YE_247
index_10nt_356,ggaatctgga,KL_YE_248
index_8nt_93,ctctcatc,KL_YE_249
index_10nt_357,agtcattgga,KL_YE_250
index_8nt_94,ggttgatc,KL_YE_251
index_10nt_363,tagcatatga,KL_YE_252
index_8nt_95,catgactc,KL_YE_253
index_9nt_95,ggctcaaga,KL_YE_254
index_8nt_96,acggcctc,KL_YE_255
index_10nt_371,ccagttctga,KL_YE_256
index_8nt_97,attagctc,KL_DY_257
index_9nt_97,aatcgaaga,KL_DY_258
index_10nt_373,cggtccttga,KL_DY_259
index_8nt_98,tgactctc,KL_DY_260
index_9nt_98,ctcataaga,KL_DY_261
index_10nt_376,acgccgttga,KL_DY_262
index_8nt_99,gcgaattc,KL_DY_263
index_9nt_99,gaggtaaga,KL_DY_264
index_10nt_379,tgcggcaata,KL_DY_265
index_9nt_100,cgaaccaga,KL_DY_266
index_10nt_402,gccgacgata,KL_DY_267
index_8nt_101,ctaataag,KL_DY_268
index_9nt_101,gtccgcaga,KL_DY_269
index_10nt_412,tataactata,KL_DY_270
index_8nt_102,acgagcag,KL_DY_271
index_9nt_102,cctggcaga,KL_DY_272
index_10nt_420,ccgcctacta,KL_DY_273
index_8nt_103,ggcggcag,KL_DY_274
index_9nt_103,aacttcaga,KL_DY_275
index_10nt_422,tgagtaccta,KL_DY_276
index_9nt_104,acgaagaga,KL_WC_277
index_10nt_423,ctaaggccta,KL_WC_278
index_9nt_105,ggtcagaga,KL_WC_279
index_10nt_426,cctatagcta,KL_WC_280
index_8nt_106,aaccggag,KL_WC_281
index_9nt_106,caatggaga,KL_WC_282
index_10nt_429,caaggatcta,KL_WC_283
index_8nt_107,cgatatag,KL_WC_284
index_9nt_107,taagataga,KL_WC_285
index_10nt_431,cgcctatcta,KL_WC_286
index_8nt_108,actcttag,KL_WC_287
index_9nt_108,acttctaga,KL_WC_288
index_10nt_432,tcctactcta,KL_WC_289
index_8nt_109,cggagacg,KL_WC_290
index_9nt_109,agacttaga,KL_WC_291
index_10nt_433,ttggtctcta,KL_WC_292
index_8nt_110,gtctgacg,KL_BA_293
index_9nt_110,aggatacga,KL_BA_294
index_10nt_435,agaccgtcta,KL_BA_295
index_8nt_111,accatacg,KL_BA_296
index_9nt_111,taactacga,KL_BA_297
index_10nt_440,agcgatagta,KL_BA_298
index_8nt_112,gaagtacg,KL_BA_299
index_9nt_112,tattaccga,KL_BA_300
index_10nt_441,ctacttagta,KL_BA_301
index_8nt_113,ggtaaccg,KL_BA_302
index_9nt_113,cgcgtccga,KL_BA_303
index_10nt_446,taagccggta,KL_BA_304
index_8nt_114,ctggtccg,KL_BA_305
index_9nt_114,gacgagcga,KL_BA_306
index_10nt_447,gtcgctggta,KL_BA_307
index_8nt_115,atgaagcg,KL_BA_308
index_9nt_115,cgttcgcga,KL_BA_309
index_10nt_448,tggtctggta,KL_BA_310
index_8nt_116,agttcgcg,KL_BA_311
index_9nt_116,tctaggcga,KL_BA_312
index_10nt_449,cgcattggta,KL_CL_313
index_8nt_117,catatgcg,KL_CL_314
index_9nt_117,atgcggcga,KL_CL_315
index_10nt_451,tccgcgatta,KL_CL_316
index_8nt_118,gttgaagg,KL_CL_317
index_9nt_118,atctatcga,KL_CL_318
index_10nt_453,tgccgactta,KL_CL_319
index_8nt_119,tcctcagg,KL_CL_320
index_9nt_119,ctaagtcga,KL_CL_321
index_10nt_456,gttgcgctta,KL_CL_322
index_8nt_120,cgtctagg,KL_CL_323
index_9nt_120,gttgaagga,KL_CL_324
index_10nt_457,cctcggctta,KL_CL_325
index_8nt_121,agaaccgg,KL_CL_326
index_9nt_121,cagagagga,KL_CL_327
index_10nt_458,tcattgctta,KL_CL_328
index_8nt_122,aatggcgg,KL_CL_329
index_9nt_122,cgtctagga,KL_CL_330
index_10nt_459,ggacctctta,KL_CL_331
index_8nt_123,gtattcgg,KL_CL_332
index_9nt_123,tacggcgga,KL_ME_333
index_10nt_460,acgtctctta,KL_ME_334
index_8nt_124,cagcctgg,KL_ME_335
index_10nt_461,ggagaagtta,KL_ME_336
index_8nt_125,atcgctgg,KL_ME_337
index_9nt_125,gctatcgga,KL_ME_338
index_10nt_462,ctaaccgtta,KL_ME_339
index_8nt_126,tgagttgg,KL_ME_340
index_10nt_464,ttcttcgtta,KL_ME_341
index_8nt_127,taaccatg,KL_ME_342
index_9nt_127,agccaatga,KL_ME_343
index_10nt_465,actacggtta,KL_ME_344
index_8nt_128,acctactg,KL_ME_345
index_9nt_128,tcataatga,KL_ME_346
index_9nt_129,ttcaactga,KL_ME_347
index_10nt_467,ttcaaccaac,KL_ME_348
index_8nt_130,gttacttg,KL_ME_349
index_9nt_130,atgacttga,KL_ME_350
index_10nt_468,aaggaccaac,KL_ME_351
index_8nt_131,agcgtaat,KL_ME_352
index_9nt_131,cggcgttga,KL_DT_353
index_10nt_469,ggaggccaac,KL_DT_354
index_8nt_132,cagttaat,KL_DT_355
index_9nt_132,gaaccaata,KL_DT_356
index_10nt_472,gtctcgcaac,KL_DT_357
index_9nt_133,agcagaata,KL_DT_358
index_10nt_473,ctacggcaac,KL_DT_359
index_8nt_134,gcgcggat,KL_DT_360
index_9nt_134,tggctaata,KL_JW_361
index_8nt_135,cgtcgtat,KL_JW_362
index_9nt_135,ccattaata,KL_JW_363
index_10nt_482,agccaagaac,KL_JW_364
index_8nt_136,acgtaact,KL_JW_365
index_9nt_136,ttgaccata,KL_JW_366
index_10nt_484,ttggcagaac,KL_JW_367
index_8nt_137,gttatact,KL_JW_368
index_8nt_138,ctctagct,KL_TO_369
index_9nt_138,ggaggcata,KL_TO_370
index_10nt_496,aagccataac,KL_TO_371
index_8nt_139,tggcatct,KL_TO_372
index_9nt_139,aaccagata,KL_TO_373
index_10nt_499,actaactaac,KL_TO_374
index_8nt_140,gaatgagt,KL_TO_375
index_9nt_140,cttccgata,KL_TO_376
index_10nt_501,tagagctaac,KL_TO_377
index_8nt_141,gccgtcgt,KL_TO_378
index_9nt_141,tcagcgata,KL_TO_379
index_10nt_506,gtatcaagac,KL_TO_380
index_8nt_142,ccggcggt,KL_TO_381
index_9nt_142,aggtcgata,KL_TO_382
index_10nt_509,attagcagac,KL_TO_383
index_8nt_143,actatggt,KL_TO_384
index_9nt_143,gcgcggata,KL_TO_385
index_10nt_512,cgtcggagac,KL_TO_386
index_8nt_144,agaagatt,KL_TO_387
index_9nt_144,gtcttgata,KL_GA_388
index_10nt_524,tactatcgac,KL_GA_389
index_9nt_145,gataatata,KL_GA_390
index_10nt_532,tccgttggac,KL_GA_391
index_8nt_146,ggatcctt,KL_GA_392
index_9nt_146,tcgtatata,KL_GA_393
index_10nt_538,aacctctgac,KL_GA_394
index_8nt_147,caacgctt,KL_GA_395
index_9nt_147,ctcggtata,KL_GA_396
index_10nt_565,ttaatggtac,KL_GA_397
index_8nt_148,ggtcagtt,KL_GA_398
index_9nt_148,ttatgacta,KL_GA_399
index_10nt_566,ttcggattac,KL_GA_400
index_8nt_149,attgcgtt,KL_PG_401
index_9nt_149,gttctacta,KL_PG_402
index_10nt_567,taagacttac,KL_PG_403
index_9nt_150,catagccta,KL_PG_404
index_10nt_568,agttagttac,KL_PG_405
index_9nt_151,gaattccta,KL_PG_406
index_10nt_570,atatccaacc,KL_PG_407
index_9nt_152,agtcatcta,KL_PG_408
index_10nt_600,tcagcgtacc,KL_PG_409
index_9nt_153,gcctctcta,KL_PG_410
index_9nt_154,tgcattcta,KL_PG_411
index_10nt_606,cagataagcc,KL_PG_412
index_9nt_155,aaggttcta,KL_PG_413
index_10nt_610,ccttctagcc,KL_PG_414
index_9nt_156,ccttccgta,KL_PG_415
index_10nt_615,tctcgccgcc,KL_PG_416
index_9nt_157,atagaggta,KL_PG_417
index_10nt_622,ccaggtcgcc,KL_PG_418
index_9nt_158,cagtaggta,KL_PG_419
index_10nt_623,taacttcgcc,KL_PG_420
index_9nt_159,cgctactta,KL_RC_421
index_10nt_631,ttctctggcc,KL_RC_422
index_9nt_160,attcgctta,KL_RC_423
index_10nt_632,gctgactgcc,KL_RC_424
index_9nt_161,accatctta,KL_RC_425
index_10nt_633,ctctactgcc,KL_RC_426
index_9nt_162,aagaggtta,KL_RC_427
index_9nt_163,ggttggtta,KL_RC_428
index_10nt_635,agagtctgcc,KL_RC_429
index_9nt_164,gcgaccaac,KL_RC_430
index_10nt_637,tgcgattgcc,KL_RC_431
index_9nt_165,ttacgcaac,KL_RC_432
index_10nt_639,tctgccatcc,KL_RC_433
index_9nt_166,gactgcaac,KL_RC_434
index_10nt_641,ctgctcatcc,KL_RC_435
index_10nt_643,agattgatcc,KL_RC_436
index_9nt_168,cgtaagaac,KL_RC_437
index_10nt_645,aatattatcc,KL_RC_438
index_10nt_646,atggaactcc,KL_RC_439
index_9nt_170,caaccgaac,KL_RC_440
index_10nt_647,taataactcc,KL_GE_441
index_9nt_171,atgaggaac,KL_GE_442
index_10nt_650,tggcggctcc,KL_GE_443
index_9nt_172,gctctgaac,KL_GE_444
index_10nt_651,cgcagtctcc,KL_GE_445
index_9nt_173,tgattgaac,KL_GE_446
index_9nt_174,acggataac,KL_GE_447
index_10nt_655,taggcggtcc,KL_GE_448
index_9nt_175,tggcctaac,KL_GE_449
index_9nt_176,cttgctaac,KL_GE_450
index_10nt_658,gtattattcc,KL_GE_451
index_9nt_177,ccaattaac,KL_GE_452
index_10nt_659,tgcttcttcc,KL_GE_453
index_9nt_178,ctataagac,KL_GE_454
index_10nt_661,gtcgcgttcc,KL_GE_455
index_9nt_179,tctccagac,KL_GE_456
index_10nt_662,gttcgcaagc,KL_GE_457
index_9nt_180,accggagac,KL_GE_458
index_10nt_663,ccattcaagc,KL_GE_459
index_9nt_181,gttatagac,KL_GE_460
index_9nt_182,agtcgcgac,KL_SM_461
index_10nt_667,gaggctaagc,KL_SM_462
index_9nt_183,ctcctcgac,KL_SM_463
index_10nt_668,agacgtaagc,KL_SM_464
index_9nt_184,acgttcgac,KL_SM_465
index_10nt_669,ggtccgcagc,KL_SM_466
index_9nt_185,gattaggac,KL_SM_467
index_10nt_670,actaggcagc,KL_SM_468
index_9nt_186,ttagcggac,KL_SM_469
index_10nt_675,tggctagagc,KL_SM_470
index_9nt_187,agctcggac,KL_SM_471
index_10nt_676,gatgacgagc,KL_SM_472
index_9nt_188,tagctggac,KL_SM_473
index_10nt_679,aggacggagc,KL_SM_474
index_9nt_189,gaggctgac,KL_SM_475
index_10nt_685,gcatggtagc,KL_SM_476
index_9nt_190,agagttgac,KL_SM_477
index_10nt_692,gtctagacgc,KL_SM_478
index_9nt_191,tgcagatac,KL_SM_479
index_10nt_694,tatctgacgc,KL_SM_480
index_9nt_192,gaagtatac,KL_VH_481
index_10nt_696,tgcggtacgc,KL_VH_482
index_9nt_193,cgagcctac,KL_VH_483
index_10nt_702,ttgaagccgc,KL_VH_484
index_9nt_194,cctagctac,KL_VH_485
index_10nt_710,ccggcagcgc,KL_VH_486
index_9nt_195,aggcagtac,KL_VH_487
index_10nt_712,agcaacgcgc,KL_VH_488
index_9nt_196,ttgaattac,KL_VH_489
index_10nt_713,gcaaccgcgc,KL_VH_490
index_9nt_197,taatcttac,KL_VH_491
index_10nt_717,gaatatgcgc,KL_VH_492
index_9nt_198,atccgttac,KL_VH_493
index_10nt_724,tacgcgtcgc,KL_VH_494
index_9nt_199,aagccaacc,KL_VH_495
index_10nt_725,acgtcttcgc,KL_VH_496
index_9nt_200,ccttcaacc,KL_VH_497
